{
  "1830108283": {
    "permissions": ["files"],
    "parser_type": "regex",
    "regex_list": [
      "^((?:https?:\\/\\/)?[^\\s]+?)(?=[ :])[: ]+([a-zA-Z0-9._%+-]+@[a-zA-Z0-9.-]+\\.[a-zA-Z]{2,})[ :]+(.+\\S)$", "^((?:https?:\\/\\/)?[^\\s]+)[ :]+([^:\\s]+):([^\\s:]+)$"
    ]
  },
  "2653836295": {
    "permissions": ["files"],
    "parser_type": "regex",
    "regex_list": [
      "^((?:https?:\\/\\/)?[^\\s]+?)(?=[ :])[: ]+([a-zA-Z0-9._%+-]+@[a-zA-Z0-9.-]+\\.[a-zA-Z]{2,})[ :]+(.+\\S)$", "^((?:https?:\\/\\/)?[^\\s]+)[ :]+([^:\\s]+):([^\\s:]+)$"
    ]
  },
  "2284704148": {
    "permissions": ["files"],
    "parser_type": "regex",
    "regex_list": [
      "^((?:https?:\\/\\/)?[^\\s]+?)(?=[ :])[: ]+([a-zA-Z0-9._%+-]+@[a-zA-Z0-9.-]+\\.[a-zA-Z]{2,})[ :]+(.+\\S)$", "^((?:https?:\\/\\/)?[^\\s]+)[ :]+([^:\\s]+):([^\\s:]+)$"
    ]
  },
  "2089693419": {
    "permissions": ["files"],
    "parser_type": "regex",
    "regex_list": [
      "^((?:https?:\\/\\/)?[^\\s]+?)(?=[ :])[: ]+([a-zA-Z0-9._%+-]+@[a-zA-Z0-9.-]+\\.[a-zA-Z]{2,})[ :]+(.+\\S)$", "^((?:https?:\\/\\/)?[^\\s]+)[ :]+([^:\\s]+):([^\\s:]+)$","^[^:\\s]+:[^:\\s]+$"
    ]
  },
  "1738851931": {
    "permissions": ["files"],
    "parser_type": "regex",
    "regex_list": [
      "^((?:https?:\\/\\/)?[^\\s]+?)(?=[ :])[: ]+([a-zA-Z0-9._%+-]+@[a-zA-Z0-9.-]+\\.[a-zA-Z]{2,})[ :]+(.+\\S)$", "^((?:https?:\\/\\/)?[^\\s]+)[ :]+([^:\\s]+):([^\\s:]+)$","^[^:\\s]+:[^:\\s]+$"
    ]
  },
  "2227668260": {
    "permissions": ["files"],
    "parser_type": "regex",
    "regex_list": [
      "^((?:https?:\\/\\/)?[^\\s]+?)(?=[ :])[: ]+([a-zA-Z0-9._%+-]+@[a-zA-Z0-9.-]+\\.[a-zA-Z]{2,})[ :]+(.+\\S)$", "^((?:https?:\\/\\/)?[^\\s]+)[ :]+([^:\\s]+):([^\\s:]+)$","^[^:\\s]+:[^:\\s]+$"
    ]
  }
}
